Gene	Barcodes	P13459_3001_S1_L001_R1_001_R	P13459_3001_S1_L001_R2_001_F	P13459_3002_S2_L001_R1_001_R	P13459_3002_S2_L001_R2_001_F	P13459_3003_S3_L001_R1_001_R	P13459_3003_S3_L001_R2_001_F	P13459_3004_S4_L001_R1_001_R	P13459_3004_S4_L001_R2_001_F	P13459_3005_S5_L001_R1_001_R	P13459_3005_S5_L001_R2_001_F	P13459_3006_S6_L001_R1_001_R	P13459_3006_S6_L001_R2_001_F	P13459_3007_S7_L001_R1_001_R	P13459_3007_S7_L001_R2_001_F	P13459_3008_S8_L001_R1_001_R	P13459_3008_S8_L001_R2_001_F
PBANKA_010210	CAGACATTTCA	0	0	0	0	0	0	0	0	0	0	0	0	0	0	626	627
PBANKA_010770	CGCTGCAAACG	0	0	0	0	0	0	0	0	0	1	314	311	0	0	0	0
PBANKA_010920	ATCACCGGCGT	0	0	0	0	0	0	0	0	2	2	0	0	0	0	0	0
PBANKA_011250	AGTTTTTTAGC	5	5	113	111	0	0	0	0	337	332	0	0	0	0	0	0
PBANKA_020230	TAGTTGGGATC	1	1	0	0	0	0	0	0	0	0	476	465	0	0	0	0
PBANKA_020360	GATTCGACTCA	0	0	0	1	0	0	0	0	0	0	0	0	0	0	0	0
PBANKA_020510	TGCTCCCTGGG	0	0	267	260	0	0	0	0	890	873	0	0	0	0	0	0
PBANKA_020580	GGAGAAACGGA	0	0	1	1	0	0	0	0	1	1	691	688	0	0	1	1
PBANKA_020830	TAACCTCTTCT	0	0	0	0	43	43	7	7	0	1	5	6	449	455	0	0
PBANKA_030170	TTCGCTCGGTG	0	0	11	10	1	1	0	0	288	280	0	0	0	0	0	0
PBANKA_030240	AATGGTCGATC	441	422	0	0	0	0	1	1	0	0	432	431	0	0	0	0
PBANKA_030500	CCAAGCGAGGC	2	2	0	0	0	0	0	0	0	0	278	279	0	0	0	0
PBANKA_030510	AGACCGAGACA	32	34	0	0	0	0	0	0	0	0	353	352	0	0	0	0
PBANKA_030840	CGAGTTAGGGG	0	0	6	6	1	1	0	0	455	438	1	1	0	0	0	0
PBANKA_030870	AAACAATGGAC	0	0	0	0	0	0	0	0	0	0	0	0	1	0	0	0
PBANKA_031170	ACGCGTGATCT	0	0	0	0	2	0	0	0	0	0	0	0	0	0	0	0
PBANKA_031180	CCTAGGGAAAT	139	137	0	0	0	0	0	0	0	0	436	439	0	0	0	0
PBANKA_031480	AACATAAAAGT	2017	1972	2	2	1	0	0	0	5	4	388	386	0	0	0	0
PBANKA_031580	CCTTTCCCTTA	2077	2044	1	1	0	1	0	0	4	4	453	454	0	0	0	1
PBANKA_031590	CCATCGTGGCC	1385	1375	0	0	0	0	1	1	0	0	412	407	0	0	0	0
PBANKA_040120	GTTACGAAGGG	1	1	42	39	0	0	0	0	385	368	0	0	0	0	0	0
PBANKA_040480	GGCCGACTGCG	2	2	0	0	0	0	0	0	0	0	84	78	0	0	0	0
PBANKA_040730	TGGACCAGCGT	245	235	0	0	0	0	0	0	0	0	387	379	0	0	1	1
PBANKA_040750	AACAGGGTTCC	2	2	1	1	203	199	0	0	0	0	2	2	396	393	0	0
PBANKA_041010	GCGGATCTAGC	0	0	78	75	0	0	0	0	205	192	0	1	0	0	0	0
PBANKA_041050	GGCTAGGCCGC	70	69	2	2	0	0	0	0	2	2	408	394	0	0	0	0
PBANKA_041350	CTGGCCGCTAA	0	0	0	0	0	1	752	749	0	0	0	0	0	0	374	378
PBANKA_050500	GCGTCGATCAA	53	53	0	0	0	0	0	0	0	0	441	433	0	0	0	0
PBANKA_050650	CTTCAAGCCGT	0	0	3748	3662	0	0	1	1	353	347	1	0	1	1	0	0
PBANKA_051200	TCGTGACGCGG	0	0	0	0	0	0	0	0	0	0	0	0	0	0	2	2
PBANKA_051220	AGCCCACTTTT	89	92	0	0	1	0	0	0	0	0	492	490	0	0	0	0
PBANKA_051300	TCGCAGGGAGC	404	397	0	0	0	0	0	0	0	0	361	357	0	0	0	0
PBANKA_051490	TGCCTTGTATG	1688	1638	536	518	363	357	771	743	380	368	833	828	451	446	374	370
PBANKA_051500	AGGGTTCCTAT	2566	2478	692	660	1222	1185	977	933	334	326	738	718	330	318	350	337
PBANKA_051630	TGCGATTGGAA	0	0	30	30	0	0	0	0	364	366	0	0	0	0	0	0
PBANKA_051760	ATGCGGGACTT	63	63	0	0	0	0	0	0	0	0	480	479	0	0	0	0
PBANKA_051980	GTATCACCAGG	0	0	976	953	2	2	0	0	1007	1003	2	1	0	0	0	0
PBANKA_052020	GTTAGCTGTCC	0	0	0	0	0	0	7	6	0	1	1	1	0	0	580	589
PBANKA_052230	GACGTCACCTC	1167	1168	1	1	0	0	0	1	1	1	372	375	0	0	0	0
PBANKA_060240	CAACGTGAGCA	6	6	0	0	0	0	0	0	0	0	610	600	0	0	0	0
PBANKA_060470	AGTGCTTCAGT	1	1	1	0	0	0	1132	1093	0	1	0	0	0	0	360	343
PBANKA_060620	CAAGCCGGGCG	927	899	1	1	0	0	0	0	0	0	431	422	0	0	0	0
PBANKA_060800	TCCCGCTCTTG	597	593	0	0	0	0	0	0	0	0	524	516	0	0	0	0
PBANKA_061040	CTTACATTGGT	2	2	0	0	0	0	0	0	0	0	447	443	0	0	0	0
PBANKA_061430	AATTAAACGCT	1	1	0	0	1	1	0	0	0	0	488	489	0	0	0	0
PBANKA_061920	AGTAGCGGTCC	482	467	1	1	1	0	0	0	0	0	518	505	0	0	0	0
PBANKA_062030	CGGCCTTAACA	1363	1353	0	0	0	0	0	0	5	4	354	346	0	0	1	1
PBANKA_070210	TACCAAGATTC	3	3	1	1	580	590	5	5	0	0	8	8	435	445	0	1
PBANKA_070270	CCTTCTAGGAC	1	1	4	4	3369	3433	1	1	0	0	3	2	468	472	0	1
PBANKA_070330	CGTCACAAGTA	10	10	363	355	0	0	1	1	312	312	0	0	0	0	0	0
PBANKA_070410	CCATGCTATCA	3	3	0	0	0	0	0	0	0	0	5	4	0	0	0	0
PBANKA_070470	TAGAAGTGTGA	0	0	0	0	0	0	0	0	1	1	0	0	0	0	0	0
PBANKA_070620	GCCTTCAACGG	0	0	1	1	0	0	151	147	0	0	0	0	0	0	377	369
PBANKA_070700	CTACAAGTTCA	1623	1589	1	1	0	0	4	4	0	0	592	591	0	0	0	0
PBANKA_071130	ACCCCTTGACT	209	209	0	0	0	0	0	0	1	1	433	441	0	0	0	0
PBANKA_071220	CTCTTAATAGG	1	1	153	145	1	1	0	0	365	365	0	0	0	0	0	0
PBANKA_071490	CGGGTGTAAGT	57	53	0	0	0	0	3	3	1	1	508	484	0	0	0	0
PBANKA_071510	CAGTCCCAGCT	0	0	4	3	2	2	2	2	1159	1124	0	0	0	0	1	1
PBANKA_071670	GTTAATCGCAG	0	0	20	19	2	1	0	0	1090	1070	0	0	0	0	0	0
PBANKA_071810	GGCTTTTCCAC	0	0	4	4	1	2	0	0	965	994	0	0	0	0	0	0
PBANKA_071940	AGAGAATCCCC	0	0	0	0	0	0	0	0	0	0	0	0	0	0	1	0
PBANKA_072090	TCATAGGTGTT	2	2	2053	1945	0	0	0	0	331	317	0	0	0	0	2	2
PBANKA_072200	CGTAACTTGAT	0	0	0	0	1	1	1	1	1010	1012	0	1	0	0	0	0
PBANKA_072240	CCGGCATCTTG	0	0	0	0	0	0	0	0	0	0	0	1	0	0	0	0
PBANKA_080090	CATAAGCATTC	0	0	0	0	0	0	0	0	1	0	0	0	0	0	0	0
PBANKA_080260	CTCTTGGTCTG	1	1	0	0	0	0	0	0	1	1	306	301	0	0	0	0
PBANKA_080560	AATCCCGGCGA	0	0	0	0	0	0	0	0	0	0	48	48	0	0	0	0
PBANKA_080630	GAAGGTGGTAC	0	0	0	0	0	0	0	0	0	0	5	6	0	0	0	0
PBANKA_080650	ATTCGGGTTAA	103	102	0	0	1	0	0	0	0	0	340	335	0	0	0	0
PBANKA_080690	TTATAAGTCTA	70	68	0	0	0	0	0	0	0	0	204	202	0	0	0	0
PBANKA_080720	TGAATAGAGGT	0	0	300	285	1	0	2	2	334	325	0	0	0	0	0	0
PBANKA_081700	CGGATAGTCGT	1	0	77	73	1	0	0	0	317	312	0	0	0	0	0	0
PBANKA_081970	GCTAAGATTCA	0	0	23	24	1	1	0	0	329	333	0	0	0	0	0	0
PBANKA_082030	CGGTTTTTTTA	0	0	291	284	0	0	0	0	333	330	0	0	0	0	0	0
PBANKA_082040	ATCTGATGTAG	427	420	2	2	0	0	0	0	0	0	573	564	0	0	0	0
PBANKA_082210	AGTAGCGGTTC	0	0	0	0	0	0	0	0	0	0	0	1	0	0	0	0
PBANKA_082230	GGCGTACCCCG	1	1	232	221	0	0	1	1	207	212	0	0	0	0	0	0
PBANKA_082320	ACCTGGACGGA	407	404	0	0	0	0	0	0	1	1	338	342	0	0	0	0
PBANKA_082380	CGAAGTTCGTC	2	1	1	1	189	184	3	3	0	0	1	1	445	433	0	0
PBANKA_082490	CCAACGTCCTC	0	0	0	0	0	0	43	43	0	0	0	0	0	0	493	492
PBANKA_082740	AGGGTGAACAG	0	0	30	28	2	2	0	0	512	501	0	0	0	0	0	0
PBANKA_083330	ACAGGGATTCA	0	0	366	357	1	1	0	0	617	611	0	0	0	0	0	0
PBANKA_083380	ATCTTCGGATT	0	0	0	0	0	0	0	0	0	0	0	0	0	1	0	0
PBANKA_090470	GTCCCTGGACA	0	0	0	0	0	0	1	1	0	0	0	0	0	0	0	0
PBANKA_091030	TGAGAATTCCC	0	0	2	2	0	0	1	1	0	0	0	0	0	0	578	567
PBANKA_091600	AAAGCCGAGAC	139	143	0	0	0	0	1	0	0	0	228	235	0	0	0	0
PBANKA_091660	CCGGCTTCCTC	0	0	0	0	0	0	0	0	1	0	0	0	0	0	0	0
PBANKA_092090	CATCCGAGGCC	12	12	6	5	7	4	5	4	0	0	24	23	1242	1231	0	0
PBANKA_092140	TCCCTGGAATG	0	1	0	0	0	0	113	109	0	0	0	0	0	0	343	339
PBANKA_092450	ACGGCATTGCT	0	1	0	0	0	0	0	0	0	0	0	0	0	0	0	0
PBANKA_092750	CTGCAAGCGGT	0	0	1	0	0	0	0	0	0	1	0	0	0	0	0	0
PBANKA_092800	GGGTGCCAAAT	0	0	0	0	0	0	0	0	0	0	0	0	1	0	0	0
PBANKA_092990	CCACGGATGGG	0	0	0	0	0	1	0	0	0	0	0	0	0	0	0	0
PBANKA_093080	TCTCGGGCCAT	161	158	0	0	0	0	0	0	1	1	473	467	0	0	0	0
PBANKA_093210	TATACCTAAAG	0	0	746	737	0	0	1	0	204	215	0	0	0	0	0	0
PBANKA_093260	GAACCTGGACA	1	1	1	0	1	1	3253	3260	0	0	2	2	0	0	1161	1143
PBANKA_093290	TTCGGGATACG	2032	1990	1	2	0	0	0	0	1	1	480	470	0	0	0	0
PBANKA_093350	CGATGGAACCC	0	0	383	388	0	1	0	0	359	366	0	0	1	1	0	0
PBANKA_093900	GCTTGGAATAT	1	1	0	0	0	0	0	0	0	0	0	0	0	0	0	0
PBANKA_094340	GCATCAAAGCG	0	0	46	46	0	0	0	0	339	335	2	2	0	0	1	1
PBANKA_100240	GTGCTTATCCA	181	179	1	1	0	0	0	0	0	0	395	389	0	0	0	0
PBANKA_100360	TAACTTCCCTT	0	0	151	151	1	1	0	0	341	343	0	0	0	0	0	0
PBANKA_100640	CATTGAACGAT	154	152	0	0	0	0	0	0	0	0	170	172	0	0	0	0
PBANKA_100710	AATGAAGAGTA	1	3	0	0	0	0	1	1	0	0	0	0	0	0	0	0
PBANKA_101010	GTGAAGCCCTG	0	0	0	0	1	1	0	0	127	127	0	0	0	0	0	0
PBANKA_101400	GCGCTGGAACT	5	5	0	0	1	1	2	2	0	0	206	209	0	0	0	0
PBANKA_101640	TTAGGAATATA	0	0	6	5	1	1	0	0	358	358	0	0	0	0	0	0
PBANKA_101700	AAATGGAACTT	413	406	0	1	0	1	1	1	0	0	502	506	0	0	0	0
PBANKA_101750	CACAAGAGGGA	131	128	0	0	0	0	0	0	0	0	683	682	0	0	0	0
PBANKA_101810	TAGGGACCAAC	584	596	1	1	0	0	0	0	1	1	470	486	0	0	1	1
PBANKA_101910	GCAGTCCCAAC	0	0	0	0	0	0	1283	1266	1	1	0	0	0	0	785	786
PBANKA_102390	TGTAGTCGCTT	0	0	2	0	0	0	0	0	0	0	0	0	0	0	0	0
PBANKA_102600	GGCTGTGAGTC	1	2	2659	2591	0	0	0	0	468	451	1	0	1	1	0	0
PBANKA_103240	TTTGAGATCTC	940	912	0	0	0	0	0	0	0	0	1507	1498	0	0	0	0
PBANKA_103440	CGGAGTACGTT	172	164	124	122	143	143	260	253	750	741	1199	1177	820	804	820	803
PBANKA_103520	CAGCAAGTCGT	94	91	0	0	2	2	0	0	0	0	689	673	0	0	0	0
PBANKA_103680	AATATTAGCTA	0	0	568	558	1	0	0	0	317	311	1	1	0	0	0	1
PBANKA_103780	ACACGACAAGC	851	846	377	378	267	268	910	902	265	264	837	839	325	324	316	310
PBANKA_103830	TCAGGAAGTTA	0	0	159	150	0	0	0	0	380	367	0	0	0	0	0	0
PBANKA_110420	AGTAAGCCTTC	140	138	127	123	130	127	108	107	612	606	653	646	660	671	658	649
PBANKA_110490	CCCTCGGGTGC	3	3	0	0	416	402	2	3	0	0	3	3	457	441	0	0
PBANKA_110570	AATCGCCTCTT	0	1	0	0	0	0	0	0	0	0	0	0	0	0	0	0
PBANKA_110650	GCACCTCTGGC	2	2	0	0	1	0	0	0	0	0	209	211	0	0	0	0
PBANKA_110690	CATATCAGCGT	264	262	1	1	0	0	0	1	0	0	513	503	0	0	1	1
PBANKA_110760	GGCACCCTACC	0	0	17	629	0	1	0	0	6	249	0	0	0	0	0	0
PBANKA_110840	CATAGTGAGCG	34	34	20	19	4	4	1	1	1202	1178	0	0	0	0	2	0
PBANKA_111060	ACAGTTGCCTC	217	216	0	0	0	0	0	0	1	0	448	450	0	0	0	0
PBANKA_111340	GGCCAGGAAAG	659	649	0	0	0	0	0	0	0	0	485	482	0	0	0	0
PBANKA_111430	CATAGGTTCTG	95	95	0	0	0	0	0	0	0	0	512	495	0	0	0	0
PBANKA_111470	AGGTTTCTACA	0	0	329	325	1	1	0	0	350	354	0	0	1	1	0	0
PBANKA_111600	TCAAGCTTCAT	0	0	197	192	0	0	0	0	374	365	0	0	0	0	0	0
PBANKA_111920	TTATCCAAGGG	217	211	0	0	0	0	0	0	0	0	365	357	0	0	0	0
PBANKA_112110	CGACCGCGCAT	0	0	9	9	0	0	0	0	81	80	0	0	0	0	0	0
PBANKA_112240	GGGTTTATCCG	37	35	0	0	0	0	0	0	0	0	254	251	0	0	0	0
PBANKA_112390	CTCATATAGCG	2	3	3	3	1720	1669	4	2	0	0	13	13	916	905	0	0
PBANKA_112490	TCGCGTAAAGA	5	5	0	0	0	0	0	0	0	0	365	363	0	0	0	0
PBANKA_112530	TTGTCACACAC	0	0	75	82	0	0	0	0	6	6	0	0	0	0	0	0
PBANKA_112670	CTAGTAGTAGA	0	0	0	0	0	0	0	0	0	0	0	0	1	1	0	0
PBANKA_112690	AGAGGTCGGGT	0	0	0	0	0	0	0	0	0	0	639	625	0	0	0	0
PBANKA_112710	CTCCCAGTTTT	0	0	4	4	1	1	5440	5359	0	0	0	0	0	0	1454	1422
PBANKA_112780	CTTTAGCGCAT	0	0	253	241	0	0	0	0	814	806	0	0	1	0	0	0
PBANKA_112810	GCGATCAGTTT	119	116	0	0	0	0	0	0	0	0	497	474	0	0	0	0
PBANKA_112900	CCTTGAGCATT	0	0	2	2	0	0	519	513	0	0	0	0	0	0	461	459
PBANKA_112970	CTCGTATAGAG	0	0	0	0	0	0	0	0	0	0	345	341	0	0	0	0
PBANKA_113420	AAATGCCGCGA	0	0	1	0	203	196	0	0	0	0	2	2	105	104	0	0
PBANKA_113740	GAATGGAACAG	0	0	452	444	0	0	0	0	298	294	0	0	0	0	0	0
PBANKA_113920	ATTAAGGCTTC	0	0	0	0	0	0	0	0	0	0	0	0	0	1	0	0
PBANKA_113980	CATGGATGGGC	504	488	2	2	0	0	0	0	0	0	739	734	0	0	0	0
PBANKA_114340	TGAGGCAGACT	3	3	1	1	439	435	3	3	0	0	5	5	365	360	0	0
PBANKA_120345	TACTCAGCGTG	1	0	0	0	0	0	0	0	0	0	0	0	0	0	0	0
PBANKA_120870	GACCCATAAGC	1	1	27	25	0	0	0	0	343	346	0	1	2	2	0	0
PBANKA_121260	TTAATTGCGAC	468	475	0	0	0	0	0	0	0	0	573	567	1	1	0	0
PBANKA_121340	CGTGCGAAATG	451	432	0	0	2	0	0	0	1	1	415	408	1	1	0	0
PBANKA_121580	ACGTCGGGCCC	0	0	0	0	0	0	1	0	0	0	0	0	0	0	0	0
PBANKA_121830	CGACACAAGTT	1	1	448	439	3	3	0	0	302	299	1	1	0	0	0	0
PBANKA_122500	TGGTGTAACTG	0	0	0	0	1	2	0	0	0	0	361	347	0	0	0	0
PBANKA_122570	GACAAGTAGGT	0	0	0	0	0	0	0	0	2	2	0	0	0	0	0	0
PBANKA_122980	CAACATGCTTC	0	2	0	0	0	0	0	0	0	0	0	0	0	0	0	0
PBANKA_123000	GCCTTACTTGA	0	0	0	0	2	2	0	0	479	491	0	0	0	0	0	0
PBANKA_123140	GCACTGTCCAG	1	1	5	5	0	0	0	0	362	357	0	0	0	0	0	0
PBANKA_123320	TCGGAGGGTCC	2	2	0	0	0	0	0	0	0	0	2	2	0	0	0	0
PBANKA_123360	TAGATTGGGCG	976	930	0	0	1	0	0	0	2	2	1485	1440	0	0	0	0
PBANKA_123400	GGTTAAGCTTT	0	0	0	0	3	15	0	0	0	0	0	0	2	1	0	0
PBANKA_123730	AGCCCGTTGTA	0	0	0	0	0	0	551	540	0	0	0	0	0	0	480	471
PBANKA_123740	AGACAATGGAC	4	4	0	0	178	191	1	1	0	0	8	8	354	377	0	0
PBANKA_124120	TATCGACCCCG	500	491	0	0	0	0	0	0	0	0	391	395	1	1	1	1
PBANKA_124220	CCCAGCTTGAA	9	10	0	0	0	0	0	0	0	0	492	505	0	0	0	0
PBANKA_124490	ATTGCCGATGT	0	0	157	149	0	0	0	0	199	195	0	0	0	0	0	0
PBANKA_130240	CTCACGTAGCG	0	0	0	0	0	1	0	0	0	0	0	0	0	0	0	0
PBANKA_130440	CATGAGATCTC	0	0	0	0	0	0	0	0	0	0	2	1	0	0	0	0
PBANKA_130450	CAACTCGGATG	0	0	0	0	0	0	0	0	1	1	0	0	0	0	0	0
PBANKA_130470	CTCATTCCCGT	25	25	0	0	1	1	0	0	2	2	472	465	0	0	0	0
PBANKA_130720	GGGTAAGCGTT	0	0	0	0	1	0	0	0	0	0	0	0	0	0	0	0
PBANKA_130960	ATGAGAAGATG	0	0	1	1	0	0	0	0	0	0	0	0	0	0	0	0
PBANKA_131070	GTAGCTAGGAA	13	13	7	7	2210	2195	6	6	2	1	17	18	1228	1200	0	0
PBANKA_131140	TAACTAACCTG	794	798	1	1	1	1	1	1	0	0	383	381	0	0	0	0
PBANKA_131170	CTAATTGAGCA	0	0	207	208	1	1	0	0	383	386	0	0	0	0	0	0
PBANKA_131530	CCTCCATATGT	1540	1515	0	0	0	0	44	40	0	0	540	535	0	0	0	0
PBANKA_131600	CTGTTCGGGTA	4	4	1	1	137	139	3	3	0	0	6	6	302	300	1	0
PBANKA_131720	GGGCGTCTCCC	25	25	0	0	0	0	0	0	0	0	244	242	0	0	0	0
PBANKA_132050	CTCTCCCTTAC	0	0	8	8	0	0	0	0	326	342	0	0	0	0	0	0
PBANKA_132890	ATTCGGTCGAG	0	0	150	146	0	0	0	0	420	408	1	1	0	0	0	0
PBANKA_132910	CGTACCCTGCA	844	851	0	0	1	1	0	0	0	0	378	383	0	0	0	0
PBANKA_132940	TTCTTAGTGTG	0	0	317	299	1	1	2	2	297	293	0	0	0	0	1	1
PBANKA_133180	CTACCTACAAA	0	0	182	178	1	1	0	0	409	408	0	0	0	0	0	0
PBANKA_133470	GATGGGCTACC	0	0	69	68	0	0	0	0	20	20	0	0	0	0	0	0
PBANKA_133580	GCAGAAATGTA	546	530	0	0	0	0	0	0	0	0	385	382	0	0	0	0
PBANKA_133680	CGTGAGTGAGA	44	44	0	0	0	1	0	0	0	0	17	17	0	0	0	0
PBANKA_133720	GCTACCTCCGA	4	3	86	86	0	0	0	0	286	291	0	0	0	0	0	0
PBANKA_133820	GAGATGTTAGG	0	0	0	0	469	453	1	1	0	0	3	3	333	327	0	0
PBANKA_133990	CAGAGACGTGT	0	0	0	0	0	0	0	0	445	435	0	0	0	0	1	1
PBANKA_134230	ATCGATACATA	3	3	1	1	272	275	1	0	0	0	6	6	349	349	0	0
PBANKA_134280	GTATACGGATT	4	4	0	0	0	0	0	0	1	1	430	422	0	0	0	0
PBANKA_134630	TTGTAGCCTCT	2287	2248	0	0	0	0	0	0	1	1	538	534	1	1	0	0
PBANKA_134650	GTTATGCCTCT	0	0	468	453	0	0	0	0	377	372	0	0	0	0	1	1
PBANKA_134800	CATTGCTTTAG	0	0	393	388	1	1	0	0	433	424	0	0	0	0	0	0
PBANKA_134980	GGACGCCCTGG	0	1	0	0	137	135	1	1	0	0	0	0	188	188	0	0
PBANKA_135250	ACTCGTGAACT	359	359	0	0	0	0	0	0	0	0	552	550	0	0	0	0
PBANKA_135260	CTTTACTGGGT	1269	1240	0	0	0	0	0	0	1	1	629	624	0	0	0	0
PBANKA_135330	AATGTGCGTCC	3	3	3	4	405	394	6	6	0	1	14	13	977	960	0	1
PBANKA_135960	CCCTCAAATAC	875	917	1	1	0	0	0	0	0	0	639	657	0	0	0	0
PBANKA_135970	GTTTAAGCTTT	3	2	5	5	2449	2400	0	0	0	0	6	6	455	447	2	1
PBANKA_136040	CCCAGGAAATC	0	0	694	666	0	0	1	1	497	491	0	0	0	0	1	1
PBANKA_136320	AATGACTGCTC	0	0	86	86	1	1	1	1	264	267	0	0	0	0	1	1
PBANKA_140160	AACACAACCGC	269	269	185	185	131	129	141	140	367	369	441	447	426	431	406	411
PBANKA_140170	CAGTTCTGATT	2	2	1	1	1945	1889	1	1	0	0	6	7	440	435	0	0
PBANKA_140400	GGTTCCGCCTA	2	2	2522	2436	1	2	0	0	410	405	1	1	0	0	0	0
PBANKA_140410	TAGTGCCAGGC	170	161	0	0	0	0	0	0	0	0	471	465	0	0	0	0
PBANKA_140480	GTTTAAGTGCT	0	0	130	125	0	0	1	1	342	336	0	0	0	0	0	0
PBANKA_141300	CTGGGTACGAT	0	0	541	521	2	2	0	0	474	463	1	1	0	0	0	0
PBANKA_141470	GCTGCCACAAA	5	5	2	2	2001	1989	5	5	0	0	9	9	845	852	0	0
PBANKA_142220	CTGGGAAAAGA	405	394	0	0	1	0	0	0	0	0	593	590	1	1	1	1
PBANKA_142470	ACGCTATCAAA	0	0	0	0	0	0	0	0	0	0	0	0	0	0	1	0
PBANKA_142530	CTCTTATGCTC	11	12	3	4	2577	2579	7	7	0	0	15	15	1327	1315	1	0
PBANKA_142590	CTCTACTTCTG	78	77	0	0	0	0	0	0	0	0	448	446	0	0	0	0
PBANKA_142640	GGTAAGCCATC	0	0	30	27	0	0	0	0	338	332	0	0	0	0	0	0
PBANKA_142970	CTTATGAGAGT	0	0	0	0	0	0	0	0	0	0	1	1	0	0	0	0
PBANKA_143030	CCGACAATTTG	362	357	0	0	0	0	0	0	0	0	263	265	0	0	0	0
PBANKA_143060	GTCACGCTCTC	471	473	0	0	0	0	0	0	0	0	368	367	0	0	0	0
PBANKA_143260	CCCAGGGAAAT	0	0	0	0	0	0	0	0	0	0	2	3	0	0	0	0
PBANKA_143370	CATTACTGGGT	0	1	0	0	0	0	0	0	0	0	1	1	0	0	0	0
PBANKA_143400	TCGATGGTTCA	0	0	155	151	2	2	0	0	322	311	0	0	0	0	0	0
PBANKA_143440	TTTCTTCAAAG	1087	1070	0	0	0	0	1	1	0	0	647	638	0	0	1	1
PBANKA_143630	GTATCGTTGTT	1221	1167	0	0	1	1	2	2	1	1	580	567	0	0	0	0
PBANKA_143830	CCCGTATCTTG	0	0	0	0	0	0	0	0	0	0	308	302	0	0	0	0
PBANKA_143860	TCCCATTCCCT	1	1	877	863	3	3	1	1	1137	1144	0	1	1	1	1	1
PBANKA_144000	CACCACCTCAT	0	0	0	0	0	0	2	2	0	0	768	782	0	0	0	0
PBANKA_144380	CATGCTATACG	10	8	0	0	0	0	0	0	0	0	562	561	0	0	0	0
PBANKA_144410	CCCCTACATAG	0	0	0	0	0	0	0	0	3	3	0	0	0	0	0	0
PBANKA_144490	TATACTAACAG	0	0	1270	1239	1	1	0	0	1067	1057	0	0	1	1	0	0
PBANKA_144600	TGCGTAGCAGA	0	0	0	0	0	0	0	0	17	17	0	0	0	0	0	0
PBANKA_144900	TCACGCGATGC	208	203	8	9	0	0	0	0	0	0	353	353	0	0	0	0
PBANKA_144980	GTTCTATCTAT	1	1	166	155	0	0	1	1	448	438	0	0	0	0	0	0
PBANKA_145600	TCCGCGCCTGC	0	0	0	0	0	0	0	0	0	0	1	1	0	0	0	0
PBANKA_145770	GATATTCCTCT	631	628	0	0	0	0	0	0	1	1	497	489	0	0	0	0
PBANKA_145910	GACCACGAGAG	1	1	446	437	0	0	0	0	447	448	0	0	0	0	0	0
PBANKA_146060	AGGGGATGGTC	1344	1321	0	0	0	0	0	0	0	0	303	301	0	0	0	0
PBANKA_146070	ATCTATTCAAG	1	1	700	686	0	0	1	1	1006	1002	0	0	0	0	2	1
p230p-tag	CGTTATGTGGG	271	265	533	506	190	182	426	408	371	356	405	387	426	416	432	422
